{"cameraMode":{"drawMode":0,"name":"Shaded","section":"Shading Mode"},"sceneLighting":false,"audioPlay":false,"sceneViewState":{"m_AlwaysRefresh":false,"showFog":true,"showSkybox":false,"showFlares":true,"showImageEffects":true,"showParticleSystems":true,"showVisualEffectGraphs":true,"m_FxEnabled":true},"in2DMode":false,"pivot":{"x":527.1460571289063,"y":24.999988555908204,"z":191.70054626464845},"rotation":{"x":0.014923023991286755,"y":0.9624543786048889,"z":-0.2657443583011627,"w":0.054061319679021838},"size":11.562944412231446,"orthographic":false}