{"cameraMode":{"drawMode":0,"name":"Shaded","section":"Shading Mode"},"sceneLighting":false,"audioPlay":false,"sceneViewState":{"m_AlwaysRefresh":false,"showFog":true,"showSkybox":false,"showFlares":true,"showImageEffects":true,"showParticleSystems":true,"showVisualEffectGraphs":true,"m_FxEnabled":true},"in2DMode":false,"pivot":{"x":529.2267456054688,"y":25.339994430541993,"z":178.52000427246095},"rotation":{"x":0.059701211750507358,"y":0.926556408405304,"z":-0.16659455001354218,"w":0.33204853534698489},"size":7.343411445617676,"orthographic":false}