{"cameraMode":{"drawMode":0,"name":"Shaded","section":"Shading Mode"},"sceneLighting":false,"audioPlay":false,"sceneViewState":{"m_AlwaysRefresh":false,"showFog":true,"showSkybox":true,"showFlares":true,"showImageEffects":true,"showParticleSystems":true,"showVisualEffectGraphs":true,"m_FxEnabled":true},"in2DMode":false,"pivot":{"x":134.4710693359375,"y":78.16494750976563,"z":295.6703186035156},"rotation":{"x":0.14576156437397004,"y":-0.16977669298648835,"z":0.025422215461730958,"w":0.974368691444397},"size":114.33246612548828,"orthographic":false}